{"obj_type":1,"obj_id":64850,"parent_id":19681,"title":"Search Movie and Format","description":"","status":"active","params":[{"name":"query","type":"string","descr":"","flags":["required","input"],"regex":"","regex_error_text":""},{"name":"config.apiKey","type":"string","descr":"","flags":["auto-clear"],"regex":"","regex_error_text":""}],"ref_mask":true,"conv_type":"process","scheme":{"nodes":[{"id":"61485914c09b470018001d90","obj_type":0,"condition":{"logics":[{"type":"api_rpc_reply","res_data":{"movieInfo":"{{movieInfo}}"},"res_data_type":{"movieInfo":"object"},"mode":"key_value","throw_exception":false},{"type":"go","to_node_id":"6152bd02c09b47001800888c"}],"semaphors":[]},"title":"Reply with Error","description":"","x":1592,"y":684,"uuid":"10afb036-45ad-4cc9-afbb-e4aaaeacac31","extra":"{\"modeForm\":\"expand\",\"icon\":\"\"}","options":null},{"id":"614856b8c09b470018001d77","obj_type":0,"condition":{"logics":[{"type":"api","err_node_id":"614856b8c09b470018001d76","format":"","method":"GET","url":"https://www.omdbapi.com/?apikey={{config.apiKey}}&t={{query}}","extra":{},"extra_type":{},"max_threads":5,"debug_info":false,"customize_response":true,"response":{"movieInfo":"{{body}}"},"response_type":{"movieInfo":"object"},"extra_headers":{},"send_sys":true,"cert_pem":"","content_type":"application/json","is_migrate":true},{"type":"go","to_node_id":"6148588fc09b470018001d88"}],"semaphors":[]},"title":"GET Movie","description":"","x":1284,"y":428,"uuid":"bffc3d8b-9977-4faf-a9a6-2f23cc59c316","extra":"{\"modeForm\":\"expand\",\"icon\":\"\"}","options":null},{"id":"614856b8c09b470018001d75","obj_type":3,"condition":{"logics":[{"type":"go_if_const","to_node_id":"614856b8c09b470018001d71","conditions":[{"fun":"eq","const":"hardware","param":"__conveyor_code_return_type_error__","cast":"string"}]},{"type":"go_if_const","to_node_id":"614856b8c09b470018001d70","conditions":[{"fun":"eq","const":"software","param":"__conveyor_code_return_type_error__","cast":"string"}]},{"type":"go","to_node_id":"614856b8c09b470018001d70"}],"semaphors":[]},"title":"","description":"","x":1500,"y":324,"uuid":"31284b96-3e92-4dca-9b45-42178a959ed9","extra":"{\"modeForm\":\"collapse\",\"icon\":\"\"}","options":null},{"id":"61497949c09b47001800218d","obj_type":0,"condition":{"logics":[],"semaphors":[{"type":"time","value":30,"dimension":"sec","to_node_id":"61497949c09b47001800218c"}]},"title":"","description":"","x":1524,"y":1160,"uuid":"05086dc9-33d3-48e1-bd2f-88ae7a8b404d","extra":"{\"modeForm\":\"collapse\",\"icon\":\"\"}","options":null},{"id":"61497949c09b47001800218e","obj_type":2,"condition":{"logics":[],"semaphors":[]},"title":"","description":"","x":1632,"y":1252,"uuid":"86730823-0bab-4d9c-a70a-e0e63e81dae5","extra":"{\"modeForm\":\"collapse\",\"icon\":\"error\"}","options":null},{"id":"614856edc09b470018001d7d","obj_type":3,"condition":{"logics":[{"type":"go_if_const","to_node_id":"614856b8c09b470018001d6e","conditions":[{"fun":"eq","const":"crash_api","param":"__conveyor_copy_task_result__","cast":"string"}]},{"type":"go_if_const","to_node_id":"614856b8c09b470018001d6e","conditions":[{"fun":"eq","const":"rpc_task_fatal_error","param":"__conveyor_rpc_return_type_tag__","cast":"string"}]},{"type":"go_if_const","to_node_id":"614856edc09b470018001d7e","conditions":[{"fun":"eq","const":"access_denied","param":"__conveyor_copy_task_result__","cast":"string"}]},{"type":"go_if_const","to_node_id":"614856edc09b470018001d7e","conditions":[{"fun":"eq","const":"rpc_reply_exception","param":"__conveyor_rpc_reply_return_type_tag__","cast":"string"}]},{"type":"go","to_node_id":"614856edc09b470018001d7e"}],"semaphors":[]},"title":"","description":"","x":1520,"y":1056,"uuid":"744ea4de-5566-43bf-8f92-5537ac52a262","extra":"{\"modeForm\":\"collapse\",\"icon\":\"\"}","options":null},{"id":"6152bd02c09b47001800888c","obj_type":2,"condition":{"logics":[],"semaphors":[]},"title":"Final","description":"","x":1856,"y":712,"uuid":"f0a3380d-68ed-4c2a-be2f-cc919a1f5992","extra":"{\"modeForm\":\"collapse\",\"icon\":\"error\"}","options":null},{"id":"614856b8c09b470018001d7b","obj_type":0,"condition":{"logics":[{"type":"api_code","err_node_id":"614856b8c09b470018001d74","lang":"js","src":"var actors=data.movieInfo.Actors.split(\",\");\nvar writers=data.movieInfo.Writer.split(\",\");\nvar directors=data.movieInfo.Director.split(\",\");\n\ndata.movieInfo.Actors=actors;\ndata.movieInfo.Writer=writers;\ndata.movieInfo.Director=directors;\n\ndata.queryArray=data.movieInfo.Actors.concat(data.movieInfo.Writer).concat(data.movieInfo.Director).concat(data.movieInfo.Title);\n\nfor(var i=0; i< data.queryArray.length; i++){\n    data.queryArray[i] = data.queryArray[i].trimLeft();\n    data.queryArray[i] = data.queryArray[i].replace(/\\s/g, \"%20\");\n}\n"},{"type":"go","to_node_id":"614856b8c09b470018001d6f"}],"semaphors":[]},"title":"Strings to Array and Concatenate All in One","description":"","x":1284,"y":776,"uuid":"84ec04cd-93e4-4daf-93e4-518b6efc4ada","extra":"{\"modeForm\":\"expand\",\"icon\":\"\"}","options":null},{"id":"614982cc306cb5001900221b","obj_type":2,"condition":{"logics":[],"semaphors":[]},"title":"","description":"","x":1548,"y":184,"uuid":"08dfbad5-752f-4a59-817f-e44a881307f2","extra":"{\"modeForm\":\"collapse\",\"icon\":\"error\"}","options":null},{"id":"614982cc306cb5001900221a","obj_type":0,"condition":{"logics":[{"type":"set_param","extra":{"config":"{{conv[66722].ref[config]}}"},"extra_type":{"config":"string"},"err_node_id":"614982cc306cb5001900221b"},{"type":"go","to_node_id":"614856b8c09b470018001d7a"}],"semaphors":[]},"title":"Set Config","description":"","x":1284,"y":92,"uuid":"1dbf2e2f-9824-4a72-b73e-271b37834458","extra":"{\"modeForm\":\"expand\",\"icon\":\"\"}","options":null},{"id":"61497949c09b47001800218c","obj_type":0,"condition":{"logics":[{"type":"api_code","err_node_id":"61497949c09b47001800218f","lang":"js","src":"for (var i = 0; i < data.movieInfo.Actors.length; i++) {\n    var obj = {};\n    obj.name = data.movieInfo.Actors[i].trimLeft();\n    obj.wikipediaLinks = data.Results[i].searchUrl;\n    data.movieInfo.Actors[i] = obj;\n}\n\nfor (var i = 0; i < data.movieInfo.Writer.length; i++) {\n    var obj = {};\n    obj.name = data.movieInfo.Writer[i].trimLeft();\n    obj.wikipediaLinks = data.Results[i + data.movieInfo.Actors.length].searchUrl;\n    data.movieInfo.Writer[i] = obj;\n}\n\nfor (var i = 0; i < data.movieInfo.Director.length; i++) {\n    var obj = {};\n    obj.name = data.movieInfo.Director[i].trimLeft();\n    obj.wikipediaLinks = data.Results[i + data.movieInfo.Actors.length + data.movieInfo.Writer.length].searchUrl;\n    data.movieInfo.Director[i] = obj;\n}\n\nvar obj = {};\nobj.name = data.movieInfo.Title;\nobj.wikipediaLinks = data.Results[data.Results.length - 1].searchUrl;\ndata.movieInfo.Title = obj;"},{"type":"go","to_node_id":"6148597dc09b470018001d92"}],"semaphors":[]},"title":"Set Each Link to its Query","description":"","x":1284,"y":1160,"uuid":"48a9c2b2-2553-496d-995a-27eb14b2337b","extra":"{\"modeForm\":\"expand\",\"icon\":\"\"}","options":null},{"id":"61497949c09b47001800218f","obj_type":3,"condition":{"logics":[{"type":"go_if_const","to_node_id":"61497949c09b47001800218d","conditions":[{"fun":"eq","const":"hardware","param":"__conveyor_code_return_type_error__","cast":"string"}]},{"type":"go_if_const","to_node_id":"61497949c09b47001800218e","conditions":[{"fun":"eq","const":"software","param":"__conveyor_code_return_type_error__","cast":"string"}]},{"type":"go","to_node_id":"61497949c09b47001800218e"}],"semaphors":[]},"title":"","description":"","x":1524,"y":1224,"uuid":"78268e40-edc9-44b2-95fa-68d49166d918","extra":"{\"modeForm\":\"collapse\",\"icon\":\"\"}","options":null},{"id":"6148597dc09b470018001d92","obj_type":0,"condition":{"logics":[{"type":"api_rpc_reply","res_data":{"movieInfo":"{{movieInfo}}"},"res_data_type":{"movieInfo":"array"},"mode":"key_value","throw_exception":false},{"type":"go","to_node_id":"6139fac865e74e0017000854"}],"semaphors":[]},"title":"Return the information","description":"","x":1284,"y":1332,"uuid":"394db17f-7f77-4d5d-95ba-eeb1a104c18a","extra":"{\"modeForm\":\"expand\",\"icon\":\"\"}","options":null},{"id":"614856b8c09b470018001d78","obj_type":2,"condition":{"logics":[],"semaphors":[]},"title":"","description":"","x":1616,"y":884,"uuid":"47a5b1d4-bee6-491f-8e0f-23738ec80d71","extra":"{\"modeForm\":\"collapse\",\"icon\":\"error\"}","options":null},{"id":"614856b8c09b470018001d74","obj_type":3,"condition":{"logics":[{"type":"go_if_const","to_node_id":"614856b8c09b470018001d73","conditions":[{"fun":"eq","const":"hardware","param":"__conveyor_code_return_type_error__","cast":"string"}]},{"type":"go_if_const","to_node_id":"614856b8c09b470018001d78","conditions":[{"fun":"eq","const":"software","param":"__conveyor_code_return_type_error__","cast":"string"}]},{"type":"go","to_node_id":"614856b8c09b470018001d78"}],"semaphors":[]},"title":"","description":"","x":1516,"y":856,"uuid":"bab3686b-2883-4fd6-b578-f1bcde21c143","extra":"{\"modeForm\":\"collapse\",\"icon\":\"\"}","options":null},{"id":"6148588fc09b470018001d88","obj_type":0,"condition":{"logics":[{"to_node_id":"61485914c09b470018001d90","type":"go_if_const","conditions":[{"param":"{{movieInfo.Response}}","const":"False","fun":"eq","cast":"string"}]},{"type":"go","to_node_id":"614856b8c09b470018001d7b"}],"semaphors":[]},"title":"Check if Response Exists","description":"","x":1284,"y":612,"uuid":"127a46f5-a9e3-40f4-8304-5dc6e2cea4a1","extra":"{\"modeForm\":\"expand\",\"icon\":\"\"}","options":null},{"id":"614856b8c09b470018001d6e","obj_type":0,"condition":{"logics":[],"semaphors":[{"type":"time","value":30,"dimension":"sec","to_node_id":"614856b8c09b470018001d6f"}]},"title":"","description":"","x":1520,"y":960,"uuid":"3cc3236e-e0d3-4a04-92c8-bee1b52c5271","extra":"{\"modeForm\":\"collapse\",\"icon\":\"\"}","options":null},{"id":"614856b8c09b470018001d6f","obj_type":0,"condition":{"logics":[{"type":"api_rpc","err_node_id":"614856edc09b470018001d7d","extra":{"queryArray":"{{queryArray}}"},"extra_type":{"queryArray":"array"},"group":"","user_id":366,"convTitle":"Wikipedia Search (Copy)","conv_id":66686},{"type":"go","to_node_id":"61497949c09b47001800218c"}],"semaphors":[]},"title":"Get Wikipedia informations about actors, writes and directors","description":"","x":1284,"y":960,"uuid":"d552a073-2e41-4dc7-9041-bd1ea9644868","extra":"{\"modeForm\":\"expand\",\"icon\":\"\"}","options":null},{"id":"614856b8c09b470018001d70","obj_type":2,"condition":{"logics":[],"semaphors":[]},"title":"","description":"","x":1616,"y":352,"uuid":"bbb1fe8a-cb73-4fa2-89b0-21d349891c7d","extra":"{\"modeForm\":\"collapse\",\"icon\":\"error\"}","options":null},{"id":"614856b8c09b470018001d71","obj_type":0,"condition":{"logics":[],"semaphors":[{"type":"time","value":30,"dimension":"sec","to_node_id":"614856b8c09b470018001d7a"}]},"title":"","description":"","x":1500,"y":260,"uuid":"cbff65fd-a15e-4b91-91f2-8a0f52a651e8","extra":"{\"modeForm\":\"collapse\",\"icon\":\"\"}","options":null},{"id":"614856b8c09b470018001d73","obj_type":0,"condition":{"logics":[],"semaphors":[{"type":"time","value":30,"dimension":"sec","to_node_id":"614856b8c09b470018001d7b"}]},"title":"","description":"","x":1516,"y":776,"uuid":"5abbb359-669b-4a1c-979d-bc39079dd405","extra":"{\"modeForm\":\"collapse\",\"icon\":\"\"}","options":null},{"id":"614856b8c09b470018001d7a","obj_type":0,"condition":{"logics":[{"type":"api_code","err_node_id":"614856b8c09b470018001d75","lang":"js","src":"data.query=data.query.trim();\ndata.query=data.query.split(\" \").join(\"%20\");"},{"type":"go","to_node_id":"614856b8c09b470018001d77"}],"semaphors":[]},"title":"Replace Query Spaces","description":"","x":1284,"y":260,"uuid":"890b140b-393f-49fd-bd9d-985df4a55892","extra":"{\"modeForm\":\"expand\",\"icon\":\"\"}","options":null},{"id":"614856edc09b470018001d7e","obj_type":2,"condition":{"logics":[],"semaphors":[]},"title":"","description":"","x":1628,"y":1084,"uuid":"3986ca73-47bb-4c9c-98c1-f955765107c0","extra":"{\"modeForm\":\"collapse\",\"icon\":\"error\"}","options":null},{"id":"614856b8c09b470018001d76","obj_type":3,"condition":{"logics":[{"type":"go_if_const","to_node_id":"614856b8c09b470018001d79","conditions":[{"fun":"eq","const":"hardware","param":"__conveyor_api_return_type_error__","cast":"string"}]},{"type":"go_if_const","to_node_id":"614856b8c09b470018001d72","conditions":[{"fun":"eq","const":"software","param":"__conveyor_api_return_type_error__","cast":"string"},{"fun":"eq","const":"api_bad_answer","param":"__conveyor_api_return_type_tag__","cast":"string"},{"fun":"eq","const":"no_scheme","param":"__conveyor_api_return_description__","cast":"string"}]},{"type":"go_if_const","to_node_id":"614856b8c09b470018001d79","conditions":[{"fun":"eq","const":"software","param":"__conveyor_api_return_type_error__","cast":"string"},{"fun":"eq","const":"api_bad_answer","param":"__conveyor_api_return_type_tag__","cast":"string"}]},{"type":"go","to_node_id":"614856b8c09b470018001d72"}],"semaphors":[]},"title":"","description":"","x":1516,"y":492,"uuid":"218387f7-df97-435b-aa4a-a5cc08941281","extra":"{\"modeForm\":\"collapse\",\"icon\":\"\"}","options":null},{"id":"614856b8c09b470018001d79","obj_type":0,"condition":{"logics":[],"semaphors":[{"type":"time","value":30,"dimension":"sec","to_node_id":"614856b8c09b470018001d77"}]},"title":"","description":"","x":1516,"y":428,"uuid":"9b829bef-f915-4e4c-bff0-7d2737488879","extra":"{\"modeForm\":\"collapse\",\"icon\":\"\"}","options":null},{"id":"614856b8c09b470018001d72","obj_type":2,"condition":{"logics":[],"semaphors":[]},"title":"","description":"","x":1624,"y":520,"uuid":"3d9be12e-9fab-4322-8185-dc54bfdc82a4","extra":"{\"modeForm\":\"collapse\",\"icon\":\"error\"}","options":null},{"id":"6139fac865e74e0017000854","obj_type":2,"condition":{"logics":[],"semaphors":[]},"title":"Final","description":"","x":1384,"y":1512,"uuid":"62952a20-cbba-4c8b-bea1-a5f3ad825df9","extra":"{\"modeForm\":\"collapse\",\"icon\":\"success\"}","options":"{\"save_task\":true}"},{"id":"6139fac865e74e0017000853","obj_type":1,"condition":{"logics":[{"type":"go","to_node_id":"614982cc306cb5001900221a"}],"semaphors":[]},"title":"Start","description":"","x":1384,"y":16,"uuid":"fa0c66f3-5d02-4993-a020-7d4432744b96","extra":"{\"modeForm\":\"collapse\",\"icon\":\"\"}","options":null}],"web_settings":[[],[]]},"conv_type":"process","uuid":"fbb62cdc-35f4-455d-baac-1a9bf8388407"}