{"obj_type":1,"obj_id":66686,"parent_id":19681,"title":"Wikipedia Search","description":"","status":"active","params":[],"ref_mask":true,"conv_type":"process","scheme":{"nodes":[{"id":"6148570c306cb50019001d88","obj_type":0,"condition":{"logics":[{"type":"api","err_node_id":"6148570c306cb50019001d84","format":"","method":"GET","url":"https://en.wikipedia.org/w/api.php?action=opensearch&search={{queryArray[{{i}}]}}","extra":{},"extra_type":{},"max_threads":5,"debug_info":false,"customize_response":true,"response":{"wikiInfo":"{{body}}"},"response_type":{"wikiInfo":"object"},"extra_headers":{},"send_sys":false,"cert_pem":"","content_type":"application/json","is_migrate":true},{"type":"go","to_node_id":"6148570c306cb50019001d85"}],"semaphors":[]},"title":"GET Wikipedia","description":"","x":2176,"y":756,"uuid":"379e69ba-93ed-44a4-94c1-50c6928e69f5","extra":"{\"modeForm\":\"expand\",\"icon\":\"\"}","options":null},{"id":"614977ddc09b470018002189","obj_type":3,"condition":{"logics":[{"type":"go_if_const","to_node_id":"614977ddc09b470018002187","conditions":[{"fun":"eq","const":"hardware","param":"__conveyor_code_return_type_error__","cast":"string"}]},{"type":"go_if_const","to_node_id":"614977ddc09b470018002188","conditions":[{"fun":"eq","const":"software","param":"__conveyor_code_return_type_error__","cast":"string"}]},{"type":"go","to_node_id":"614977ddc09b470018002188"}],"semaphors":[]},"title":"","description":"","x":1740,"y":428,"uuid":"34f4aab7-3694-45e5-9461-f522fc83f4f3","extra":"{\"modeForm\":\"collapse\",\"icon\":\"\"}","options":null},{"id":"61481fc3c09b470018001c66","obj_type":1,"condition":{"logics":[{"type":"go","to_node_id":"614977ddc09b470018002186"}],"semaphors":[]},"title":"Start","description":"","x":1608,"y":252,"uuid":"2861cdd9-701c-4dcd-9e91-d65b87206ba1","extra":"{\"modeForm\":\"collapse\",\"icon\":\"\"}","options":null},{"id":"6148570c306cb50019001d85","obj_type":0,"condition":{"logics":[{"type":"api_code","err_node_id":"6148570c306cb50019001d89","lang":"js","src":"if (data.queryArray[data.i] === \"N/A\")\n    var searchResult = {\n        searchUrl: \"\"\n    };\nelse\n    var searchResult = {\n        searchUrl: data.wikiInfo.__conveyor_api_array__[3]\n    };\n\ndata.mainArray.push(searchResult);\ndata.i = data.i + 1;"},{"type":"go","to_node_id":"6148570c306cb50019001d8d"}],"semaphors":[]},"title":"Increment index and push new created obj in main array","description":"","x":2176,"y":1104,"uuid":"1f93b315-9f3b-4e1c-aa42-d426c687abe5","extra":"{\"modeForm\":\"expand\",\"icon\":\"\"}","options":null},{"id":"614977ddc09b470018002188","obj_type":2,"condition":{"logics":[],"semaphors":[]},"title":"","description":"","x":1876,"y":456,"uuid":"363a57f7-435a-4946-9cc1-544441cab085","extra":"{\"modeForm\":\"collapse\",\"icon\":\"error\"}","options":null},{"id":"614977ddc09b470018002187","obj_type":0,"condition":{"logics":[],"semaphors":[{"type":"time","value":30,"dimension":"sec","to_node_id":"614977ddc09b470018002186"}]},"title":"","description":"","x":1740,"y":348,"uuid":"28300f5a-211d-4861-9eeb-5ac64cf45233","extra":"{\"modeForm\":\"collapse\",\"icon\":\"\"}","options":null},{"id":"614977ddc09b470018002186","obj_type":0,"condition":{"logics":[{"type":"api_code","err_node_id":"614977ddc09b470018002189","lang":"js","src":"data.queryArrayLength = data.queryArray.length;"},{"type":"go","to_node_id":"6148570c306cb50019001d8e"}],"semaphors":[]},"title":"Set Query Array Length","description":"","x":1508,"y":348,"uuid":"e0ba6658-6393-4291-a08b-69a8a2f48491","extra":"{\"modeForm\":\"expand\",\"icon\":\"\"}","options":null},{"id":"6148570c306cb50019001d84","obj_type":3,"condition":{"logics":[{"type":"go_if_const","to_node_id":"6148570c306cb50019001d92","conditions":[{"fun":"eq","const":"hardware","param":"__conveyor_api_return_type_error__","cast":"string"}]},{"type":"go_if_const","to_node_id":"6148570c306cb50019001d91","conditions":[{"fun":"eq","const":"software","param":"__conveyor_api_return_type_error__","cast":"string"},{"fun":"eq","const":"api_bad_answer","param":"__conveyor_api_return_type_tag__","cast":"string"},{"fun":"eq","const":"no_scheme","param":"__conveyor_api_return_description__","cast":"string"}]},{"type":"go_if_const","to_node_id":"6148570c306cb50019001d92","conditions":[{"fun":"eq","const":"software","param":"__conveyor_api_return_type_error__","cast":"string"},{"fun":"eq","const":"api_bad_answer","param":"__conveyor_api_return_type_tag__","cast":"string"}]},{"type":"go","to_node_id":"6148570c306cb50019001d91"}],"semaphors":[]},"title":"","description":"","x":2392,"y":820,"uuid":"6e009825-a86a-428c-9394-91ded4e6c2e6","extra":"{\"modeForm\":\"collapse\",\"icon\":\"\"}","options":null},{"id":"6148570c306cb50019001d89","obj_type":3,"condition":{"logics":[{"type":"go_if_const","to_node_id":"6148570c306cb50019001d8c","conditions":[{"fun":"eq","const":"hardware","param":"__conveyor_code_return_type_error__","cast":"string"}]},{"type":"go_if_const","to_node_id":"6148570c306cb50019001d8b","conditions":[{"fun":"eq","const":"software","param":"__conveyor_code_return_type_error__","cast":"string"}]},{"type":"go","to_node_id":"6148570c306cb50019001d8b"}],"semaphors":[]},"title":"","description":"","x":2392,"y":1204,"uuid":"1aac6735-1c50-4c13-917c-058d422c7d41","extra":"{\"modeForm\":\"collapse\",\"icon\":\"\"}","options":null},{"id":"6148570c306cb50019001d83","obj_type":0,"condition":{"logics":[{"type":"api_rpc_reply","res_data":{"Results":"{{mainArray}}"},"res_data_type":{"Results":"array"},"mode":"key_value","throw_exception":false},{"type":"go","to_node_id":"6148570c306cb50019001d8f"}],"semaphors":[]},"title":"Return the array to the main process","description":"","x":1508,"y":848,"uuid":"e31b2d8d-d5aa-4c35-b168-b084489a026a","extra":"{\"modeForm\":\"expand\",\"icon\":\"\"}","options":null},{"id":"6148570c306cb50019001d8d","obj_type":0,"condition":{"logics":[{"to_node_id":"6148570c306cb50019001d8a","type":"go_if_const","conditions":[{"param":"{{i}}","const":"{{queryArrayLength}}","fun":"less","cast":"number"}]},{"type":"go","to_node_id":"6148570c306cb50019001d83"}],"semaphors":[]},"title":"Check if the loops continues","description":"","x":1508,"y":692,"uuid":"7c241ac4-4cc2-4abd-a1aa-2c1bc194119e","extra":"{\"modeForm\":\"expand\",\"icon\":\"\"}","options":null},{"id":"6148570c306cb50019001d8f","obj_type":2,"condition":{"logics":[],"semaphors":[]},"title":"Final","description":"","x":1608,"y":1044,"uuid":"787ffd2f-5a3a-40da-8329-7369648c8f84","extra":"{\"modeForm\":\"collapse\",\"icon\":\"success\"}","options":"{\"save_task\":true}"},{"id":"6148570c306cb50019001d8e","obj_type":0,"condition":{"logics":[{"type":"set_param","extra":{"i":"0","mainArray":"[]"},"extra_type":{"i":"number","mainArray":"array"},"err_node_id":"6148570c306cb50019001d90"},{"type":"go","to_node_id":"6148570c306cb50019001d8d"}],"semaphors":[]},"title":"Set index and mainArray","description":"","x":1508,"y":528,"uuid":"69aaefb7-9f23-4d85-8487-a1c7ec9e0e91","extra":"{\"modeForm\":\"expand\",\"icon\":\"\"}","options":null},{"id":"6148570c306cb50019001d92","obj_type":0,"condition":{"logics":[],"semaphors":[{"type":"time","value":30,"dimension":"sec","to_node_id":"6148570c306cb50019001d88"}]},"title":"","description":"","x":2392,"y":756,"uuid":"3af76360-f45d-4c0b-9c3a-51022a33de57","extra":"{\"modeForm\":\"collapse\",\"icon\":\"\"}","options":null},{"id":"6148570c306cb50019001d91","obj_type":2,"condition":{"logics":[],"semaphors":[]},"title":"","description":"","x":2504,"y":848,"uuid":"e82845be-4609-4f3e-b882-dc350b6aee40","extra":"{\"modeForm\":\"collapse\",\"icon\":\"error\"}","options":null},{"id":"6148570c306cb50019001d90","obj_type":2,"condition":{"logics":[],"semaphors":[]},"title":"","description":"","x":1784,"y":620,"uuid":"2daf5cfb-bf0e-4c46-a3d6-a225631602bf","extra":"{\"modeForm\":\"collapse\",\"icon\":\"error\"}","options":null},{"id":"6148570c306cb50019001d8c","obj_type":0,"condition":{"logics":[],"semaphors":[{"type":"time","value":30,"dimension":"sec","to_node_id":"6148570c306cb50019001d85"}]},"title":"","description":"","x":2392,"y":1108,"uuid":"94495400-fe82-4393-93a7-399b95654947","extra":"{\"modeForm\":\"collapse\",\"icon\":\"\"}","options":null},{"id":"6148570c306cb50019001d8b","obj_type":2,"condition":{"logics":[],"semaphors":[]},"title":"","description":"","x":2516,"y":1232,"uuid":"07d70795-8143-4c31-a3bb-e0374e663227","extra":"{\"modeForm\":\"collapse\",\"icon\":\"error\"}","options":null},{"id":"6148570c306cb50019001d8a","obj_type":0,"condition":{"logics":[{"to_node_id":"6148570c306cb50019001d85","type":"go_if_const","conditions":[{"param":"{{queryArray[{{i}}]}}","const":"N/A","fun":"eq","cast":"string"}]},{"type":"go","to_node_id":"6148570c306cb50019001d88"}],"semaphors":[]},"title":"Check if any of the results are unavaible","description":"","x":1904,"y":756,"uuid":"910f3c83-5329-4389-aaed-04be7d67c63f","extra":"{\"modeForm\":\"expand\",\"icon\":\"\"}","options":null}],"web_settings":[[],[]]},"conv_type":"process","uuid":"820e0525-940f-40ba-bd26-a2029ba03b0a"}