{"obj_type":1,"obj_id":66722,"parent_id":19088,"title":"Config","description":"","status":"active","params":[{"name":"apiKey","type":"string","descr":"","flags":["auto-clear"],"regex":"","regex_error_text":""}],"ref_mask":true,"conv_type":"state","scheme":{"nodes":[{"id":"6149826cc09b4700180021f2","obj_type":0,"condition":{"logics":[{"type":"api_callback"},{"type":"go","to_node_id":"6149826cc09b4700180021f2"}],"semaphors":[]},"title":"Config","description":"","x":680,"y":392,"uuid":"aa1fc8c0-4698-4e76-a135-007f5d544aab","extra":"{\"modeForm\":\"expand\",\"icon\":\"state\"}","options":null},{"id":"6149826cc09b4700180021f1","obj_type":1,"condition":{"logics":[{"type":"go","to_node_id":"6149826cc09b4700180021f2"}],"semaphors":[]},"title":"Start","description":"","x":816,"y":100,"uuid":"7e626eac-bb70-4fa8-9289-e691e89bf280","extra":"{\"modeForm\":\"collapse\",\"icon\":\"\"}","options":null}],"web_settings":[[],[]]},"conv_type":"state","uuid":"16f2eac7-3b3a-43ac-8f4a-6b300044964b"}