{"obj_type":1,"obj_id":66721,"parent_id":19088,"title":"Main Process original","description":"","status":"active","params":[{"name":"movieName","type":"string","descr":"","flags":["required","input"],"regex":"","regex_error_text":""}],"ref_mask":true,"conv_type":"process","scheme":{"nodes":[{"id":"615ae664306cb5001900adb6","obj_type":0,"condition":{"logics":[{"type":"api","err_node_id":"615ae664306cb5001900adb9","format":"","method":"POST","url":"{{__callback_url}}","extra":{"movie":"{{movieInfo}}"},"extra_type":{"movie":"object"},"max_threads":5,"debug_info":false,"customize_response":false,"response":{"header":"{{header}}","body":"{{body}}"},"response_type":{"header":"object","body":"object"},"extra_headers":{},"send_sys":true,"cert_pem":"","content_type":"application/json","is_migrate":true},{"type":"go","to_node_id":"61498159c09b4700180021ea"}],"semaphors":[]},"title":"","description":"","x":716,"y":436,"uuid":"994db980-0c83-4cb3-b635-efbb06adc378","extra":"{\"modeForm\":\"expand\",\"icon\":\"\"}","options":null},{"id":"615ae664306cb5001900adb7","obj_type":0,"condition":{"logics":[],"semaphors":[{"type":"time","value":30,"dimension":"sec","to_node_id":"615ae664306cb5001900adb6"}]},"title":"","description":"","x":968,"y":436,"uuid":"678d7b14-4b95-4b8a-a82f-d57b374616cf","extra":"{\"modeForm\":\"collapse\",\"icon\":\"\"}","options":null},{"id":"615ae664306cb5001900adb8","obj_type":2,"condition":{"logics":[],"semaphors":[]},"title":"","description":"","x":1100,"y":556,"uuid":"cc770370-3c54-496e-aafc-36a6d9510d04","extra":"{\"modeForm\":\"collapse\",\"icon\":\"error\"}","options":null},{"id":"615ae664306cb5001900adb9","obj_type":3,"condition":{"logics":[{"type":"go_if_const","to_node_id":"615ae664306cb5001900adb7","conditions":[{"fun":"eq","const":"hardware","param":"__conveyor_api_return_type_error__","cast":"string"}]},{"type":"go_if_const","to_node_id":"615ae664306cb5001900adb8","conditions":[{"fun":"eq","const":"software","param":"__conveyor_api_return_type_error__","cast":"string"},{"fun":"eq","const":"api_bad_answer","param":"__conveyor_api_return_type_tag__","cast":"string"},{"fun":"eq","const":"no_scheme","param":"__conveyor_api_return_description__","cast":"string"}]},{"type":"go_if_const","to_node_id":"615ae664306cb5001900adb7","conditions":[{"fun":"eq","const":"software","param":"__conveyor_api_return_type_error__","cast":"string"},{"fun":"eq","const":"api_bad_answer","param":"__conveyor_api_return_type_tag__","cast":"string"}]},{"type":"go","to_node_id":"615ae664306cb5001900adb8"}],"semaphors":[]},"title":"","description":"","x":968,"y":528,"uuid":"3ea7f8bb-f41a-4d7f-92ce-1656d5907a28","extra":"{\"modeForm\":\"collapse\",\"icon\":\"\"}","options":null},{"id":"61498162c09b4700180021eb","obj_type":0,"condition":{"logics":[{"type":"api_rpc","err_node_id":"61498162c09b4700180021ee","extra":{"query":"{{movieName}}"},"extra_type":{"query":"string"},"group":"","conv_id":64850,"user_id":366},{"type":"go","to_node_id":"615ae664306cb5001900adb6"}],"semaphors":[]},"title":"Search For Movie","description":"","x":716,"y":200,"uuid":"de09e7df-b3dc-467d-9753-0a540e153e86","extra":"{\"modeForm\":\"expand\",\"icon\":\"\"}","options":null},{"id":"61498159c09b4700180021ea","obj_type":2,"condition":{"logics":[],"semaphors":[]},"title":"Final","description":"","x":816,"y":608,"uuid":"8d31b773-83b8-4ac3-8da2-da46330e8fab","extra":"{\"modeForm\":\"collapse\",\"icon\":\"success\"}","options":"{\"save_task\":true}"},{"id":"61498162c09b4700180021ee","obj_type":3,"condition":{"logics":[{"type":"go_if_const","to_node_id":"61498162c09b4700180021ec","conditions":[{"fun":"eq","const":"crash_api","param":"__conveyor_copy_task_result__","cast":"string"}]},{"type":"go_if_const","to_node_id":"61498162c09b4700180021ec","conditions":[{"fun":"eq","const":"rpc_task_fatal_error","param":"__conveyor_rpc_return_type_tag__","cast":"string"}]},{"type":"go_if_const","to_node_id":"61498162c09b4700180021ed","conditions":[{"fun":"eq","const":"access_denied","param":"__conveyor_copy_task_result__","cast":"string"}]},{"type":"go_if_const","to_node_id":"61498162c09b4700180021ed","conditions":[{"fun":"eq","const":"rpc_reply_exception","param":"__conveyor_rpc_reply_return_type_tag__","cast":"string"}]},{"type":"go","to_node_id":"61498162c09b4700180021ed"}],"semaphors":[]},"title":"","description":"","x":940,"y":264,"uuid":"ce3523eb-56d6-489a-8e0a-619658abcf09","extra":"{\"modeForm\":\"collapse\",\"icon\":\"\"}","options":null},{"id":"61498159c09b4700180021e9","obj_type":1,"condition":{"logics":[{"type":"go","to_node_id":"61498162c09b4700180021eb"}],"semaphors":[]},"title":"Start","description":"","x":816,"y":132,"uuid":"999ccb10-e4ee-4896-98cc-c652d5a8f437","extra":"{\"modeForm\":\"collapse\",\"icon\":\"\"}","options":null},{"id":"61498162c09b4700180021ed","obj_type":2,"condition":{"logics":[],"semaphors":[]},"title":"","description":"","x":1044,"y":292,"uuid":"f2e9e595-9dac-4e52-aaab-e617bfc2b81d","extra":"{\"modeForm\":\"collapse\",\"icon\":\"error\"}","options":null},{"id":"61498162c09b4700180021ec","obj_type":0,"condition":{"logics":[],"semaphors":[{"type":"time","value":30,"dimension":"sec","to_node_id":"61498162c09b4700180021eb"}]},"title":"","description":"","x":940,"y":200,"uuid":"7550cc3a-f54d-4e0f-81d1-90d1d5906844","extra":"{\"modeForm\":\"collapse\",\"icon\":\"\"}","options":null}],"web_settings":[[],[]]},"conv_type":"process","uuid":"e09ba14f-a101-4caf-8f81-9c074de1af6f"}