{"obj_type":1,"obj_id":71009,"parent_id":19088,"title":"Main Process","description":"","status":"active","params":[{"name":"movieName","type":"string","descr":"","flags":["required","input"],"regex":"","regex_error_text":""}],"ref_mask":true,"conv_type":"process","scheme":{"nodes":[{"id":"6171585562a86a0017004c85","obj_type":2,"condition":{"logics":[],"semaphors":[]},"title":"Final","description":"","x":816,"y":416,"uuid":"ea3f86ff-8e65-4cd8-bb0b-2bbddbc396e4","extra":"{\"modeForm\":\"collapse\",\"icon\":\"success\"}","options":"{\"save_task\":true}"},{"id":"617100ac62a86a0017004b56","obj_type":3,"condition":{"logics":[{"type":"go_if_const","to_node_id":"617100ac62a86a0017004b58","conditions":[{"fun":"eq","const":"crash_api","param":"__conveyor_copy_task_result__","cast":"string"}]},{"type":"go_if_const","to_node_id":"617100ac62a86a0017004b58","conditions":[{"fun":"eq","const":"rpc_task_fatal_error","param":"__conveyor_rpc_return_type_tag__","cast":"string"}]},{"type":"go_if_const","to_node_id":"617100acbf8a640017004b64","conditions":[{"fun":"eq","const":"access_denied","param":"__conveyor_copy_task_result__","cast":"string"}]},{"type":"go_if_const","to_node_id":"617100acbf8a640017004b64","conditions":[{"fun":"eq","const":"rpc_reply_exception","param":"__conveyor_rpc_reply_return_type_tag__","cast":"string"}]},{"type":"go","to_node_id":"617100acbf8a640017004b64"}],"semaphors":[]},"title":"","description":"","x":940,"y":264,"uuid":"ce3523eb-56d6-489a-8e0a-619658abcf09","extra":"{\"modeForm\":\"collapse\",\"icon\":\"\"}","options":null},{"id":"617100ac62a86a0017004b54","obj_type":1,"condition":{"logics":[{"type":"go","to_node_id":"617100acbf8a640017004b66"}],"semaphors":[]},"title":"Start","description":"","x":816,"y":124,"uuid":"999ccb10-e4ee-4896-98cc-c652d5a8f437","extra":"{\"modeForm\":\"collapse\",\"icon\":\"\"}","options":null},{"id":"617100ac62a86a0017004b58","obj_type":0,"condition":{"logics":[],"semaphors":[{"type":"time","value":30,"dimension":"sec","to_node_id":"617100acbf8a640017004b66"}]},"title":"","description":"","x":940,"y":200,"uuid":"7550cc3a-f54d-4e0f-81d1-90d1d5906844","extra":"{\"modeForm\":\"collapse\",\"icon\":\"\"}","options":null},{"id":"617100acbf8a640017004b66","obj_type":0,"condition":{"logics":[{"type":"api_rpc","err_node_id":"617100ac62a86a0017004b56","extra":{"query":"{{movieName}}"},"extra_type":{"query":"string"},"group":"","conv_id":64850,"user_id":364},{"type":"go","to_node_id":"6171585562a86a0017004c85"}],"semaphors":[]},"title":"Search For Movie","description":"","x":716,"y":200,"uuid":"de09e7df-b3dc-467d-9753-0a540e153e86","extra":"{\"modeForm\":\"expand\",\"icon\":\"\"}","options":null},{"id":"617100acbf8a640017004b64","obj_type":2,"condition":{"logics":[],"semaphors":[]},"title":"","description":"","x":1044,"y":292,"uuid":"f2e9e595-9dac-4e52-aaab-e617bfc2b81d","extra":"{\"modeForm\":\"collapse\",\"icon\":\"error\"}","options":null}],"web_settings":[[],[]]},"conv_type":"process","uuid":"e09ba14f-a101-4caf-8f81-9c074de1af6f"}